<?xml version="1.0" encoding="utf-8" standalone="yes"?>
<dimrConfig xmlns="http://schemas.deltares.nl/dimr" xmlns:xsi="http://www.w3.org/2001/XMLSchema-instance" xsi:schemaLocation="http://schemas.deltares.nl/dimr http://content.oss.deltares.nl/schemas/dimr-1.2.xsd">
	<documentation>
		<fileVersion>1.2</fileVersion>
		<createdBy>D-HyDAMO in delft3dfmpy v.2.0.1</createdBy>
		<creationDate>2022-09-26T15:25:43.176393Z</creationDate>
	</documentation>

	<control>
		<parallel>
			<startGroup>
				<time>0 300 777600</time>
				<coupler name="flow2rr" />
				<start name="RR" />
				<coupler name="rr2flow" />
			</startGroup>
			<start name="DFM" />
		</parallel>
	</control>

	<component name="DFM">
		<library>dflowfm</library>
		<workingDir>fm</workingDir>
		<inputFile>demo.mdu</inputFile>
	</component>
	<component name="RR">
		<library>rr_dll</library>
		<workingDir>rr</workingDir>
		<inputFile>Sobek_3b.fnm</inputFile>
	</component>

	<coupler name="flow2rr">
		<sourceComponent>DFM</sourceComponent>
		<targetComponent>RR</targetComponent>
			<item>
				<sourceName>laterals/lat_PG0397/water_level</sourceName>
				<targetName>catchments/lat_PG0397/water_level</targetName>
			</item>
			<item>
				<sourceName>laterals/lat_PG0400/water_level</sourceName>
				<targetName>catchments/lat_PG0400/water_level</targetName>
			</item>
			<item>
				<sourceName>laterals/lat_PG0402/water_level</sourceName>
				<targetName>catchments/lat_PG0402/water_level</targetName>
			</item>
			<item>
				<sourceName>laterals/lat_PG0401/water_level</sourceName>
				<targetName>catchments/lat_PG0401/water_level</targetName>
			</item>
			<item>
				<sourceName>laterals/lat_PG0834/water_level</sourceName>
				<targetName>catchments/lat_PG0834/water_level</targetName>
			</item>
			<item>
				<sourceName>laterals/lat_PG0835/water_level</sourceName>
				<targetName>catchments/lat_PG0835/water_level</targetName>
			</item>
			<item>
				<sourceName>laterals/lat_PG0394/water_level</sourceName>
				<targetName>catchments/lat_PG0394/water_level</targetName>
			</item>
			<item>
				<sourceName>laterals/lat_PG0398/water_level</sourceName>
				<targetName>catchments/lat_PG0398/water_level</targetName>
			</item>
			<item>
				<sourceName>laterals/lat_PG1767/water_level</sourceName>
				<targetName>catchments/lat_PG1767/water_level</targetName>
			</item>
			<item>
				<sourceName>laterals/lat_PG1768/water_level</sourceName>
				<targetName>catchments/lat_PG1768/water_level</targetName>
			</item>
			<item>
				<sourceName>laterals/lat_PG2182/water_level</sourceName>
				<targetName>catchments/lat_PG2182/water_level</targetName>
			</item>
			<item>
				<sourceName>laterals/lat_PG2181/water_level</sourceName>
				<targetName>catchments/lat_PG2181/water_level</targetName>
			</item>
			<item>
				<sourceName>laterals/lat_PG0399/water_level</sourceName>
				<targetName>catchments/lat_PG0399/water_level</targetName>
			</item>
			<item>
				<sourceName>laterals/lat_PG1769/water_level</sourceName>
				<targetName>catchments/lat_PG1769/water_level</targetName>
			</item>
			<item>
				<sourceName>laterals/lat_PG0404/water_level</sourceName>
				<targetName>catchments/lat_PG0404/water_level</targetName>
			</item>
			<item>
				<sourceName>laterals/lat_PG0336/water_level</sourceName>
				<targetName>catchments/lat_PG0336/water_level</targetName>
			</item>
			<item>
				<sourceName>laterals/lat_PG0403/water_level</sourceName>
				<targetName>catchments/lat_PG0403/water_level</targetName>
			</item>
		<logger>
			<workingDir>.</workingDir>
			<outputFile>dflowfm_to_rr.nc</outputFile>
		</logger>
	</coupler>

	<coupler name="rr2flow">
		<sourceComponent>RR</sourceComponent>
		<targetComponent>DFM</targetComponent>
			<item>
				<sourceName>catchments/lat_PG0397/water_discharge</sourceName>
				<targetName>laterals/lat_PG0397/water_discharge</targetName>
			</item>
			<item>
				<sourceName>catchments/lat_PG0400/water_discharge</sourceName>
				<targetName>laterals/lat_PG0400/water_discharge</targetName>
			</item>
			<item>
				<sourceName>catchments/lat_PG0402/water_discharge</sourceName>
				<targetName>laterals/lat_PG0402/water_discharge</targetName>
			</item>
			<item>
				<sourceName>catchments/lat_PG0401/water_discharge</sourceName>
				<targetName>laterals/lat_PG0401/water_discharge</targetName>
			</item>
			<item>
				<sourceName>catchments/lat_PG0834/water_discharge</sourceName>
				<targetName>laterals/lat_PG0834/water_discharge</targetName>
			</item>
			<item>
				<sourceName>catchments/lat_PG0835/water_discharge</sourceName>
				<targetName>laterals/lat_PG0835/water_discharge</targetName>
			</item>
			<item>
				<sourceName>catchments/lat_PG0394/water_discharge</sourceName>
				<targetName>laterals/lat_PG0394/water_discharge</targetName>
			</item>
			<item>
				<sourceName>catchments/lat_PG0398/water_discharge</sourceName>
				<targetName>laterals/lat_PG0398/water_discharge</targetName>
			</item>
			<item>
				<sourceName>catchments/lat_PG1767/water_discharge</sourceName>
				<targetName>laterals/lat_PG1767/water_discharge</targetName>
			</item>
			<item>
				<sourceName>catchments/lat_PG1768/water_discharge</sourceName>
				<targetName>laterals/lat_PG1768/water_discharge</targetName>
			</item>
			<item>
				<sourceName>catchments/lat_PG2182/water_discharge</sourceName>
				<targetName>laterals/lat_PG2182/water_discharge</targetName>
			</item>
			<item>
				<sourceName>catchments/lat_PG2181/water_discharge</sourceName>
				<targetName>laterals/lat_PG2181/water_discharge</targetName>
			</item>
			<item>
				<sourceName>catchments/lat_PG0399/water_discharge</sourceName>
				<targetName>laterals/lat_PG0399/water_discharge</targetName>
			</item>
			<item>
				<sourceName>catchments/lat_PG1769/water_discharge</sourceName>
				<targetName>laterals/lat_PG1769/water_discharge</targetName>
			</item>
			<item>
				<sourceName>catchments/lat_PG0404/water_discharge</sourceName>
				<targetName>laterals/lat_PG0404/water_discharge</targetName>
			</item>
			<item>
				<sourceName>catchments/lat_PG0336/water_discharge</sourceName>
				<targetName>laterals/lat_PG0336/water_discharge</targetName>
			</item>
			<item>
				<sourceName>catchments/lat_PG0403/water_discharge</sourceName>
				<targetName>laterals/lat_PG0403/water_discharge</targetName>
			</item>
		<logger>
			<workingDir>.</workingDir>
			<outputFile>rr_to_dflowfm.nc</outputFile>
		</logger>
	</coupler>
</dimrConfig>
